date, pm25
2025/11/1, 167
2025/11/2, 164
2025/11/3, 160
2025/11/4, 159
2025/11/5, 137
2025/11/6, 122
2025/11/7, 138
2025/11/8, 149
2025/11/9, 150
2025/11/10, 175
2025/11/11, 169
2025/11/12, 168
2025/11/13, 179
2025/11/14, 175
2025/11/15, 183
2025/11/16, 182
2025/11/17, 177
2025/11/18, 199
2025/11/19, 198
2025/11/20, 176
2025/11/21, 187
2025/11/22, 196
2025/11/23, 196
2025/11/24, 196
2025/11/25, 203
2025/11/26, 197
2025/11/27, 217
2025/11/28, 194
2025/10/1, 129
2025/10/2, 124
2025/10/3, 95
2025/10/4, 112
2025/10/5, 88
2025/10/6, 57
2025/10/7, 100
2025/10/8, 111
2025/10/9, 107
2025/10/10, 118
2025/10/11, 125
2025/10/12, 110
2025/10/13, 124
2025/10/14, 145
2025/10/15, 149
2025/10/16, 155
2025/10/17, 155
2025/10/18, 153
2025/10/19, 155
2025/10/20, 155
2025/10/21, 143
2025/10/22, 134
2025/10/23, 127
2025/10/24, 137
2025/10/25, 140
2025/10/26, 143
2025/10/27, 151
2025/10/28, 155
2025/10/29, 163
2025/10/30, 160
2025/10/31, 159
2025/7/1, 81
2025/7/2, 66
2025/7/3, 84
2025/7/4, 114
2025/7/5, 117
2025/7/6, 42
2025/7/7, 66
2025/7/8, 85
2025/7/9, 56
2025/7/10, 65
2025/7/11, 70
2025/7/12, 88
2025/7/13, 94
2025/7/14, 76
2025/7/15, 72
2025/7/16, 52
2025/7/17, 64
2025/7/18, 88
2025/7/19, 86
2025/7/20, 109
2025/7/21, 82
2025/7/22, 40
2025/7/25, 95
2025/7/26, 101
2025/7/27, 124
2025/7/28, 140
2025/7/29, 111
2025/7/30, 57
2025/7/31, 65
2025/8/1, 88
2025/8/2, 77
2025/8/3, 84
2025/8/4, 106
2025/8/5, 116
2025/8/6, 74
2025/8/7, 75
2025/8/8, 87
2025/8/9, 111
2025/8/10, 111
2025/8/11, 127
2025/8/12, 119
2025/8/13, 112
2025/8/14, 98
2025/8/15, 82
2025/8/16, 117
2025/8/17, 93
2025/8/18, 75
2025/8/19, 74
2025/8/20, 67
2025/8/21, 74
2025/8/22, 79
2025/8/23, 103
2025/8/24, 49
2025/8/25, 63
2025/8/26, 59
2025/8/27, 69
2025/8/28, 84
2025/8/29, 80
2025/8/30, 55
2025/8/31, 55
2025/9/1, 40
2025/9/2, 43
2025/9/3, 35
2025/9/4, 53
2025/9/5, 64
2025/9/6, 73
2025/9/7, 64
2025/9/8, 70
2025/9/9, 100
2025/9/10, 96
2025/9/11, 86
2025/9/12, 106
2025/9/13, 110
2025/9/14, 111
2025/9/15, 111
2025/9/16, 95
2025/9/17, 103
2025/9/18, 92
2025/9/19, 102
2025/9/20, 109
2025/9/21, 124
2025/9/22, 131
2025/9/23, 140
2025/9/24, 137
2025/9/25, 114
2025/9/26, 108
2025/9/27, 126
2025/9/28, 126
2025/9/29, 125
2025/9/30, 123
2025/6/28, 120
2025/6/29, 105
2025/6/30, 91
2025/1/1, 275
2025/1/2, 194
2025/1/3, 163
2025/1/4, 140
2025/1/5, 163
2025/1/6, 148
2025/1/7, 145
2025/1/8, 145
2025/1/9, 174
2025/1/10, 188
2025/1/11, 190
2025/1/12, 177
2025/1/13, 186
2025/1/14, 199
2025/1/15, 196
2025/1/16, 160
2025/1/17, 189
2025/1/18, 178
2025/1/19, 175
2025/1/20, 152
2025/1/21, 151
2025/1/22, 158
2025/1/23, 140
2025/1/24, 141
2025/1/25, 139
2025/1/26, 169
2025/1/27, 176
2025/1/28, 181
2025/1/29, 177
2025/1/30, 136
2025/1/31, 131
2025/2/1, 113
2025/2/2, 148
2025/2/3, 131
2025/2/4, 160
2025/2/5, 161
2025/2/6, 145
2025/2/7, 155
2025/2/8, 163
2025/2/9, 168
2025/2/10, 156
2025/2/11, 144
2025/2/12, 130
2025/2/13, 124
2025/2/14, 148
2025/2/15, 138
2025/2/16, 124
2025/2/17, 144
2025/2/18, 130
2025/2/19, 156
2025/2/20, 93
2025/2/21, 121
2025/2/22, 128
2025/2/23, 132
2025/2/24, 138
2025/2/25, 143
2025/2/26, 98
2025/2/27, 118
2025/2/28, 91
2025/3/1, 95
2025/3/2, 116
2025/3/3, 71
2025/3/4, 67
2024/10/1, 99
2024/10/2, 117
2024/10/3, 116
2024/10/4, 135
2024/10/5, 130
2024/10/6, 56
2024/10/7, 92
2024/10/8, 101
2024/10/9, 96
2024/10/10, 106
2024/10/11, 106
2024/10/12, 102
2024/10/13, 109
2024/10/14, 119
2024/10/15, 113
2024/10/16, 127
2024/10/17, 144
2024/10/18, 157
2024/10/19, 145
2024/10/20, 161
2024/10/21, 168
2024/10/22, 165
2024/10/23, 140
2024/10/24, 153
2024/10/25, 122
2024/10/26, 116
2024/10/27, 122
2024/10/28, 161
2024/10/29, 194
2024/10/30, 114
2024/10/31, 132
2024/11/1, 119
2024/11/2, 131
2024/11/3, 153
2024/11/4, 152
2024/11/5, 163
2024/11/6, 166
2024/11/7, 176
2024/11/8, 195
2024/11/9, 195
2024/11/10, 203
2024/11/11, 190
2024/11/12, 222
2024/11/13, 189
2024/11/14, 198
2024/11/15, 205
2024/11/16, 121
2024/11/17, 139
2024/11/18, 131
2024/11/19, 140
2024/11/20, 156
2024/11/21, 169
2024/11/22, 171
2024/11/23, 180
2024/11/24, 111
2024/11/25, 133
2024/11/26, 143
2024/11/27, 129
2024/11/28, 151
2024/11/29, 155
2024/11/30, 167
2024/12/1, 158
2024/12/2, 140
2024/12/3, 126
2024/12/4, 137
2024/12/5, 150
2024/12/6, 147
2024/12/7, 163
2024/12/8, 170
2024/12/9, 168
2024/12/10, 162
2024/12/11, 182
2024/12/12, 186
2024/12/13, 146
2024/12/14, 192
2024/12/15, 202
2024/12/16, 211
2024/12/17, 230
2024/12/18, 215
2024/12/19, 202
2024/12/20, 218
2024/12/21, 227
2024/12/22, 231
2024/12/23, 194
2024/12/24, 196
2024/12/25, 210
2024/12/26, 199
2024/12/27, 189
2024/12/28, 175
2024/12/29, 178
2024/7/1, 90
2024/7/2, 96
2024/7/3, 122
2024/7/4, 61
2024/7/5, 57
2024/7/6, 54
2024/7/7, 53
2024/7/8, 73
2024/7/9, 92
2024/7/10, 94
2024/7/11, 94
2024/7/12, 65
2024/7/13, 57
2024/7/14, 69
2024/7/15, 75
2024/7/16, 79
2024/7/17, 113
2024/7/18, 90
2024/7/19, 81
2024/7/20, 101
2024/7/21, 105
2024/7/22, 118
2024/7/23, 104
2024/7/24, 93
2024/7/25, 85
2024/7/26, 65
2024/7/27, 74
2024/7/28, 63
2024/7/29, 59
2024/7/30, 60
2024/7/31, 73
2024/8/1, 52
2024/8/2, 45
2024/8/3, 63
2024/8/4, 46
2024/8/5, 55
2024/8/6, 74
2024/8/7, 57
2024/8/8, 50
2024/8/9, 58
2024/8/10, 69
2024/8/11, 38
2024/8/12, 38
2024/8/13, 65
2024/8/14, 88
2024/8/15, 62
2024/8/16, 66
2024/8/17, 63
2024/8/18, 99
2024/8/19, 73
2024/8/20, 55
2024/8/21, 61
2024/8/22, 80
2024/8/23, 81
2024/8/24, 81
2024/8/25, 101
2024/8/26, 101
2024/8/27, 53
2024/8/28, 57
2024/8/29, 25
2024/8/30, 37
2024/8/31, 64
2024/9/1, 73
2024/9/2, 52
2024/9/3, 60
2024/9/4, 103
2024/9/7, 66
2024/9/8, 76
2024/9/9, 94
2024/9/10, 92
2024/9/11, 103
2024/9/12, 101
2024/9/13, 122
2024/9/14, 98
2024/9/15, 105
2024/9/16, 111
2024/9/17, 120
2024/9/18, 119
2024/9/19, 88
2024/9/20, 89
2024/9/21, 121
2024/9/22, 137
2024/9/23, 128
2024/9/24, 131
2024/9/25, 129
2024/9/26, 123
2024/9/27, 75
2024/9/28, 79
2024/9/29, 94
2024/9/30, 109
2024/4/1, 102
2024/4/2, 101
2024/4/3, 81
2024/4/4, 96
2024/4/5, 100
2024/4/6, 90
2024/4/7, 91
2024/4/8, 101
2024/4/9, 94
2024/4/10, 107
2024/4/11, 59
2024/4/12, 82
2024/4/13, 70
2024/4/14, 84
2024/4/15, 85
2024/4/16, 64
2024/4/17, 79
2024/4/18, 66
2024/4/19, 51
2024/4/20, 85
2024/4/21, 78
2024/4/22, 64
2024/4/23, 68
2024/4/24, 76
2024/4/25, 82
2024/4/26, 86
2024/4/27, 58
2024/4/28, 55
2024/4/29, 49
2024/4/30, 63
2024/5/1, 70
2024/5/2, 89
2024/5/3, 102
2024/5/4, 78
2024/5/5, 83
2024/5/6, 87
2024/5/7, 82
2024/5/8, 87
2024/5/9, 119
2024/5/10, 114
2024/5/11, 73
2024/5/12, 69
2024/5/13, 76
2024/5/14, 101
2024/5/15, 94
2024/5/16, 113
2024/5/17, 95
2024/5/18, 82
2024/5/19, 84
2024/5/20, 80
2024/5/21, 91
2024/5/22, 98
2024/5/23, 113
2024/5/24, 120
2024/5/25, 86
2024/5/26, 93
2024/5/27, 82
2024/5/28, 98
2024/5/29, 106
2024/5/30, 110
2024/5/31, 113
2024/6/1, 109
2024/6/2, 162
2024/6/3, 145
2024/6/4, 110
2024/6/5, 93
2024/6/6, 60
2024/6/7, 76
2024/6/12, 103
2024/6/13, 131
2024/6/14, 84
2024/6/15, 104
2024/6/16, 108
2024/6/17, 113
2024/6/18, 77
2024/6/19, 88
2024/6/20, 96
2024/6/21, 84
2024/6/22, 83
2024/6/23, 95
2024/6/24, 97
2024/6/25, 104
2024/6/28, 129
2024/6/29, 94
2024/6/30, 114
2024/1/1, 251
2024/1/2, 221
2024/1/3, 214
2024/1/4, 225
2024/1/5, 230
2024/1/6, 255
2024/1/7, 235
2024/1/8, 222
2024/1/9, 229
2024/1/10, 253
2024/1/11, 253
2024/1/12, 293
2024/1/13, 254
2024/1/14, 255
2024/1/15, 298
2024/1/16, 265
2024/1/17, 209
2024/1/18, 255
2024/1/19, 247
2024/1/20, 249
2024/1/21, 254
2024/1/22, 247
2024/1/23, 259
2024/1/24, 251
2024/1/25, 248
2024/1/26, 181
2024/1/27, 188
2024/1/28, 209
2024/1/29, 165
2024/1/30, 166
2024/1/31, 96
2024/2/1, 94
2024/2/2, 123
2024/2/3, 156
2024/2/4, 119
2024/2/5, 143
2024/2/6, 143
2024/2/7, 124
2024/2/8, 120
2024/2/9, 139
2024/2/10, 165
2024/2/11, 165
2024/2/12, 185
2024/2/13, 176
2024/2/14, 173
2024/2/15, 180
2024/2/16, 179
2024/2/17, 177
2024/2/18, 128
2024/2/19, 116
2024/2/20, 109
2024/2/21, 97
2024/2/22, 105
2024/2/23, 105
2024/2/24, 115
2024/2/25, 122
2024/2/26, 148
2024/2/27, 143
2024/2/28, 144
2024/2/29, 147
2024/3/1, 84
2024/3/2, 83
2024/3/3, 92
2024/3/4, 108
2024/3/5, 126
2024/3/6, 115
2024/3/13, 86
2024/3/14, 72
2024/3/15, 89
2024/3/16, 103
2024/3/17, 114
2024/3/18, 116
2024/3/19, 117
2024/3/20, 104
2024/3/21, 125
2024/3/22, 98
2024/3/23, 109
2024/3/24, 68
2024/3/25, 85
2024/3/26, 123
2024/3/27, 97
2024/3/28, 98
2024/3/29, 75
2024/3/30, 44
2024/3/31, 68
2023/10/1, 106
2023/10/2, 98
2023/10/3, 112
2023/10/4, 106
2023/10/5, 106
2023/10/6, 107
2023/10/7, 140
2023/10/8, 143
2023/10/9, 107
2023/10/10, 63
2023/10/11, 90
2023/10/12, 97
2023/10/13, 120
2023/10/14, 86
2023/10/15, 92
2023/10/16, 57
2023/10/17, 46
2023/10/18, 95
2023/10/19, 96
2023/10/20, 113
2023/10/21, 96
2023/10/24, 130
2023/10/25, 123
2023/10/26, 121
2023/10/27, 126
2023/10/28, 139
2023/10/29, 153
2023/10/30, 167
2023/10/31, 168
2023/11/1, 162
2023/11/2, 114
2023/11/3, 124
2023/11/4, 136
2023/11/5, 120
2023/11/6, 149
2023/11/7, 166
2023/11/8, 162
2023/11/9, 149
2023/11/10, 63
2023/11/11, 101
2023/11/12, 131
2023/11/13, 148
2023/11/14, 165
2023/11/15, 165
2023/11/16, 147
2023/11/17, 144
2023/11/18, 159
2023/11/19, 150
2023/11/20, 170
2023/11/21, 172
2023/11/22, 178
2023/11/23, 178
2023/11/24, 175
2023/11/25, 169
2023/11/26, 155
2023/11/27, 148
2023/11/28, 145
2023/11/29, 165
2023/11/30, 100
2023/12/1, 115
2023/12/2, 125
2023/12/3, 131
2023/12/4, 154
2023/12/5, 167
2023/12/6, 166
2023/12/7, 188
2023/12/8, 175
2023/12/9, 188
2023/12/10, 205
2023/12/11, 197
2023/12/12, 188
2023/12/13, 172
2023/12/14, 193
2023/12/15, 187
2023/12/16, 177
2023/12/17, 151
2023/12/18, 192
2023/12/19, 188
2023/12/20, 193
2023/12/21, 207
2023/12/22, 208
2023/12/23, 177
2023/12/24, 211
2023/12/25, 194
2023/12/26, 196
2023/12/27, 204
2023/12/28, 200
2023/12/29, 207
2023/12/30, 201
2023/12/31, 217
2023/7/1, 76
2023/7/2, 93
2023/7/3, 93
2023/7/4, 64
2023/7/5, 63
2023/7/6, 71
2023/7/7, 73
2023/7/8, 67
2023/7/9, 58
2023/7/10, 62
2023/7/11, 71
2023/7/12, 82
2023/7/13, 73
2023/7/14, 89
2023/7/15, 81
2023/7/16, 92
2023/7/17, 81
2023/7/18, 109
2023/7/19, 60
2023/7/20, 73
2023/7/21, 83
2023/7/22, 67
2023/7/23, 47
2023/7/24, 66
2023/7/25, 65
2023/7/26, 63
2023/7/27, 74
2023/7/28, 58
2023/7/29, 51
2023/7/30, 73
2023/7/31, 77
2023/8/1, 85
2023/8/2, 83
2023/8/3, 77
2023/8/4, 80
2023/8/5, 74
2023/8/6, 77
2023/8/7, 71
2023/8/8, 93
2023/8/9, 102
2023/8/10, 89
2023/8/11, 92
2023/8/12, 113
2023/8/13, 113
2023/8/14, 85
2023/8/15, 75
2023/8/16, 100
2023/8/17, 103
2023/8/18, 119
2023/8/19, 133
2023/8/20, 124
2023/8/21, 145
2023/8/22, 135
2023/8/23, 119
2023/8/24, 79
2023/8/25, 68
2023/8/26, 87
2023/8/27, 94
2023/8/28, 76
2023/8/29, 94
2023/8/30, 103
2023/8/31, 124
2023/9/1, 136
2023/9/2, 83
2023/9/3, 19
2023/9/4, 14
2023/9/5, 16
2023/9/6, 19
2023/9/7, 20
2023/9/12, 141
2023/9/13, 133
2023/9/14, 147
2023/9/15, 111
2023/9/16, 81
2023/9/17, 65
2023/9/18, 63
2023/9/19, 61
2023/9/20, 75
2023/9/21, 74
2023/9/22, 64
2023/9/23, 66
2023/9/24, 67
2023/9/25, 63
2023/9/26, 97
2023/9/27, 98
2023/9/28, 117
2023/9/29, 70
2023/9/30, 94
2023/4/1, 58
2023/4/2, 79
2023/4/3, 68
2023/4/4, 84
2023/4/5, 86
2023/4/6, 72
2023/4/7, 96
2023/4/8, 98
2023/4/9, 94
2023/4/10, 95
2023/4/11, 98
2023/4/12, 113
2023/4/13, 113
2023/4/14, 110
2023/4/15, 112
2023/4/16, 96
2023/4/17, 118
2023/4/18, 112
2023/4/19, 74
2023/4/20, 55
2023/4/21, 60
2023/4/22, 68
2023/4/23, 68
2023/4/24, 72
2023/4/25, 92
2023/4/26, 105
2023/4/27, 83
2023/4/28, 65
2023/4/29, 101
2023/4/30, 124
2023/5/1, 85
2023/5/2, 68
2023/5/3, 62
2023/5/4, 65
2023/5/5, 86
2023/5/6, 88
2023/5/7, 66
2023/5/8, 63
2023/5/9, 78
2023/5/10, 66
2023/5/11, 90
2023/5/12, 100
2023/5/13, 89
2023/5/14, 66
2023/5/15, 89
2023/5/16, 108
2023/5/17, 101
2023/5/18, 71
2023/5/19, 79
2023/5/20, 83
2023/5/21, 97
2023/5/22, 117
2023/5/23, 102
2023/5/24, 72
2023/5/25, 68
2023/5/26, 63
2023/5/27, 89
2023/5/28, 102
2023/5/29, 97
2023/5/30, 73
2023/5/31, 55
2023/6/1, 49
2023/6/2, 76
2023/6/3, 79
2023/6/4, 90
2023/6/5, 83
2023/6/6, 83
2023/6/7, 86
2023/6/8, 113
2023/6/9, 125
2023/6/10, 107
2023/6/11, 80
2023/6/12, 100
2023/6/13, 104
2023/6/14, 91
2023/6/15, 67
2023/6/16, 98
2023/6/17, 113
2023/6/18, 114
2023/6/19, 84
2023/6/20, 101
2023/6/21, 144
2023/6/22, 153
2023/6/23, 148
2023/6/24, 139
2023/6/25, 117
2023/6/26, 58
2023/6/27, 76
2023/6/28, 66
2023/6/29, 77
2023/6/30, 73
2023/1/2, 183
2023/1/3, 185
2023/1/4, 185
2023/1/5, 199
2023/1/6, 231
2023/1/7, 270
2023/1/8, 173
2023/1/9, 170
2023/1/10, 166
2023/1/11, 121
2023/1/12, 122
2023/1/13, 157
2023/1/14, 170
2023/1/15, 134
2023/1/16, 152
2023/1/17, 159
2023/1/18, 163
2023/1/19, 183
2023/1/20, 140
2023/1/21, 115
2023/1/22, 136
2023/1/23, 170
2023/1/24, 174
2023/1/25, 180
2023/1/26, 175
2023/1/27, 158
2023/1/28, 180
2023/1/29, 137
2023/1/30, 80
2023/1/31, 134
2023/2/1, 135
2023/2/2, 158
2023/2/3, 142
2023/2/4, 140
2023/2/5, 141
2023/2/6, 91
2023/2/7, 119
2023/2/8, 142
2023/2/9, 103
2023/2/10, 120
2023/2/11, 87
2023/2/12, 99
2023/2/13, 108
2023/2/14, 145
2023/2/15, 151
2023/2/16, 156
2023/2/17, 171
2023/2/18, 164
2023/2/19, 155
2023/2/20, 151
2023/2/21, 117
2023/2/22, 119
2023/2/23, 124
2023/2/24, 126
2023/2/25, 126
2023/2/26, 101
2023/2/27, 120
2023/2/28, 114
2023/3/1, 108
2023/3/2, 112
2023/3/3, 107
2023/3/4, 110
2023/3/5, 96
2023/3/6, 102
2023/3/7, 104
2023/3/8, 107
2023/3/9, 129
2023/3/10, 129
2023/3/11, 129
2023/3/12, 138
2023/3/13, 112
2023/3/14, 102
2023/3/15, 124
2023/3/16, 91
2023/3/17, 97
2023/3/18, 89
2023/3/19, 87
2023/3/20, 92
2023/3/21, 99
2023/3/22, 106
2023/3/23, 80
2023/3/24, 87
2023/3/25, 55
2023/3/26, 89
2023/3/27, 106
2023/3/28, 94
2023/3/29, 104
2023/3/30, 85
2023/3/31, 52
2022/10/1, 122
2022/10/2, 75
2022/10/3, 104
2022/10/4, 107
2022/10/5, 111
2022/10/6, 89
2022/10/7, 97
2022/10/8, 102
2022/10/9, 125
2022/10/10, 141
2022/10/11, 134
2022/10/12, 85
2022/10/13, 107
2022/10/14, 111
2022/10/15, 104
2022/10/16, 123
2022/10/17, 132
2022/10/18, 134
2022/10/19, 126
2022/10/20, 81
2022/10/21, 104
2022/10/22, 104
2022/10/23, 103
2022/10/24, 116
2022/10/25, 124
2022/10/26, 138
2022/10/27, 154
2022/10/28, 133
2022/10/29, 148
2022/10/30, 159
2022/10/31, 167
2022/11/1, 150
2022/11/2, 121
2022/11/3, 133
2022/11/4, 150
2022/11/5, 121
2022/11/6, 78
2022/11/7, 88
2022/11/8, 163
2022/11/9, 113
2022/11/10, 120
2022/11/11, 122
2022/11/12, 132
2022/11/13, 129
2022/11/14, 100
2022/11/15, 139
2022/11/16, 124
2022/11/17, 114
2022/11/18, 138
2022/11/19, 154
2022/11/20, 135
2022/11/21, 140
2022/11/22, 153
2022/11/23, 151
2022/11/24, 162
2022/11/25, 179
2022/11/26, 198
2022/11/27, 189
2022/11/28, 185
2022/11/29, 196
2022/11/30, 176
2022/12/2, 206
2022/12/3, 169
2022/12/4, 183
2022/12/5, 178
2022/12/6, 183
2022/12/7, 171
2022/12/8, 163
2022/12/9, 156
2022/12/10, 133
2022/12/11, 138
2022/12/12, 146
2022/12/13, 142
2022/12/14, 155
2022/12/15, 184
2022/12/16, 185
2022/12/17, 178
2022/12/18, 182
2022/12/19, 196
2022/12/20, 218
2022/12/21, 208
2022/12/22, 204
2022/12/23, 205
2022/12/24, 212
2022/12/25, 250
2022/12/26, 192
2022/12/27, 189
2022/12/28, 180
2022/12/29, 157
2022/12/30, 139
2022/12/31, 138
2023/1/1, 147
2022/7/1, 51
2022/7/6, 111
2022/7/7, 96
2022/7/8, 125
2022/7/9, 81
2022/7/10, 57
2022/7/11, 92
2022/7/12, 78
2022/7/13, 65
2022/7/14, 64
2022/7/15, 58
2022/7/16, 44
2022/7/17, 77
2022/7/18, 95
2022/7/19, 78
2022/7/20, 69
2022/7/21, 38
2022/7/22, 62
2022/7/23, 79
2022/7/24, 74
2022/7/25, 68
2022/7/26, 69
2022/7/27, 59
2022/7/28, 67
2022/7/29, 43
2022/7/30, 68
2022/7/31, 52
2022/8/1, 46
2022/8/2, 85
2022/8/3, 89
2022/8/4, 85
2022/8/5, 78
2022/8/6, 92
2022/8/7, 108
2022/8/8, 106
2022/8/9, 98
2022/8/10, 102
2022/8/11, 67
2022/8/12, 52
2022/8/13, 73
2022/8/14, 91
2022/8/15, 37
2022/8/16, 59
2022/8/17, 57
2022/8/18, 71
2022/8/19, 75
2022/8/20, 70
2022/8/21, 73
2022/8/22, 87
2022/8/23, 80
2022/8/24, 55
2022/8/25, 57
2022/8/26, 77
2022/8/27, 87
2022/8/28, 93
2022/8/29, 73
2022/8/30, 83
2022/8/31, 87
2022/9/1, 92
2022/9/2, 100
2022/9/3, 98
2022/9/4, 86
2022/9/5, 57
2022/9/6, 76
2022/9/7, 95
2022/9/8, 107
2022/9/9, 104
2022/9/10, 91
2022/9/11, 61
2022/9/12, 79
2022/9/13, 103
2022/9/14, 117
2022/9/15, 102
2022/9/16, 125
2022/9/17, 92
2022/9/18, 94
2022/9/19, 103
2022/9/20, 126
2022/9/21, 129
2022/9/22, 126
2022/9/23, 124
2022/9/24, 95
2022/9/25, 60
2022/9/26, 85
2022/9/27, 102
2022/9/28, 114
2022/9/29, 109
2022/9/30, 111
2022/4/1, 121
2022/4/2, 109
2022/4/3, 118
2022/4/4, 121
2022/4/5, 116
2022/4/6, 115
2022/4/7, 120
2022/4/8, 129
2022/4/9, 122
2022/4/10, 122
2022/4/11, 134
2022/4/12, 142
2022/4/13, 111
2022/4/14, 101
2022/4/15, 97
2022/4/16, 110
2022/4/17, 131
2022/4/18, 136
2022/4/19, 117
2022/4/20, 108
2022/4/21, 77
2022/4/22, 72
2022/4/23, 95
2022/4/24, 84
2022/4/25, 84
2022/4/26, 101
2022/4/27, 109
2022/4/28, 131
2022/4/29, 97
2022/4/30, 97
2022/5/1, 127
2022/5/2, 162
2022/5/3, 77
2022/5/11, 148
2022/5/12, 65
2022/5/13, 59
2022/5/14, 30
2022/5/15, 23
2022/5/16, 15
2022/5/17, 77
2022/5/18, 76
2022/5/19, 139
2022/5/20, 54
2022/5/21, 43
2022/5/22, 37
2022/5/23, 82
2022/5/24, 70
2022/5/25, 92
2022/5/26, 129
2022/5/27, 102
2022/5/31, 65
2022/6/1, 69
2022/6/2, 20
2022/6/3, 10
2022/6/4, 11
2022/6/5, 11
2022/6/6, 63
2022/6/7, 149
2022/6/8, 163
2022/6/9, 146
2022/6/10, 117
2022/6/11, 113
2022/6/12, 110
2022/6/13, 85
2022/6/14, 115
2022/6/15, 150
2022/6/16, 100
2022/6/17, 69
2022/6/18, 63
2022/6/19, 54
2022/6/20, 41
2022/6/21, 43
2022/6/22, 59
2022/6/23, 77
2022/6/24, 91
2022/6/25, 97
2022/6/26, 111
2022/6/27, 146
2022/6/28, 148
2022/6/29, 152
2022/6/30, 155
2022/1/4, 98
2022/1/5, 68
2022/1/13, 145
2022/1/14, 176
2022/1/15, 183
2022/1/16, 186
2022/1/17, 186
2022/1/18, 26
2022/1/19, 157
2022/1/20, 195
2022/1/21, 160
2022/1/22, 81
2022/1/23, 93
2022/1/24, 117
2022/1/25, 135
2022/1/26, 130
2022/1/27, 135
2022/1/28, 163
2022/1/29, 160
2022/1/30, 170
2022/1/31, 170
2022/2/1, 147
2022/2/2, 146
2022/2/3, 90
2022/2/4, 139
2022/2/5, 164
2022/2/6, 158
2022/2/7, 117
2022/2/8, 136
2022/2/9, 106
2022/2/10, 113
2022/2/11, 132
2022/2/12, 160
2022/2/13, 168
2022/2/14, 178
2022/2/15, 182
2022/2/16, 168
2022/2/17, 159
2022/2/18, 149
2022/2/19, 139
2022/2/20, 111
2022/2/21, 126
2022/2/22, 120
2022/2/23, 98
2022/2/24, 148
2022/2/25, 80
2022/2/26, 87
2022/2/27, 109
2022/2/28, 122
2022/3/1, 93
2022/3/2, 119
2022/3/3, 100
2022/3/4, 104
2022/3/5, 124
2022/3/6, 104
2022/3/7, 74
2022/3/8, 110
2022/3/9, 117
2022/3/13, 166
2022/3/14, 141
2022/3/15, 110
2022/3/16, 117
2022/3/17, 120
2022/3/18, 163
2022/3/19, 105
2022/3/20, 127
2022/3/21, 142
2022/3/22, 127
2022/3/23, 117
2022/3/24, 118
2022/3/25, 109
2022/3/26, 113
2022/3/27, 107
2022/3/28, 133
2022/3/29, 143
2022/3/30, 138
2022/3/31, 123
2021/10/1, 117
2021/10/2, 58
2021/10/3, 58
2021/10/4, 82
2021/10/5, 77
2021/10/6, 87
2021/10/7, 93
2021/10/8, 109
2021/10/9, 115
2021/10/10, 94
2021/10/11, 71
2021/10/12, 96
2021/10/13, 97
2021/10/14, 101
2021/10/15, 77
2021/10/16, 111
2021/10/17, 188
2021/10/18, 64
2021/10/19, 89
2021/10/20, 120
2021/10/21, 120
2021/10/22, 114
2021/10/23, 80
2021/10/24, 56
2021/10/25, 84
2021/10/26, 92
2021/10/27, 90
2021/11/11, 124
2021/11/17, 174
2021/11/18, 135
2021/11/24, 173
2021/11/25, 185
2021/11/26, 159
2021/11/29, 202
2021/11/30, 193
2021/12/1, 188
2021/12/2, 192
2021/12/3, 180
2021/12/4, 159
2021/12/5, 116
2021/12/6, 115
2021/12/7, 123
2021/12/8, 145
2021/12/9, 160
2021/12/10, 163
2021/12/11, 157
2021/12/12, 169
2021/12/13, 167
2021/12/14, 170
2021/12/15, 185
2021/12/16, 152
2021/12/17, 143
2021/12/18, 170
2021/12/19, 188
2021/12/20, 201
2021/12/21, 268
2021/12/22, 219
2021/12/23, 220
2021/12/24, 191
2021/12/25, 202
2021/12/26, 168
2021/12/27, 135
2021/12/28, 159
2021/12/29, 140
2021/12/30, 156
2021/12/31, 183
2022/1/1, 193
2022/1/2, 175
2021/7/1, 120
2021/7/2, 104
2021/7/3, 61
2021/7/4, 84
2021/7/5, 59
2021/7/6, 77
2021/7/7, 75
2021/7/8, 78
2021/7/9, 104
2021/7/10, 95
2021/7/11, 126
2021/7/12, 32
2021/7/13, 22
2021/8/25, 139
2021/8/26, 125
2021/8/27, 140
2021/8/28, 73
2021/8/29, 90
2021/8/30, 76
2021/8/31, 66
2021/9/1, 85
2021/9/2, 89
2021/9/3, 99
2021/9/4, 108
2021/9/5, 103
2021/9/6, 117
2021/9/7, 112
2021/9/22, 61
2021/9/23, 50
2021/9/24, 59
2021/9/25, 64
2021/9/26, 69
2021/9/27, 89
2021/9/28, 110
2021/9/29, 124
2021/9/30, 156
2021/4/1, 32
2021/4/2, 37
2021/4/3, 69
2021/4/4, 92
2021/4/5, 81
2021/4/6, 66
2021/4/7, 36
2021/4/8, 77
2021/4/9, 64
2021/4/10, 84
2021/4/11, 81
2021/4/12, 87
2021/4/13, 85
2021/4/14, 84
2021/4/15, 64
2021/4/16, 56
2021/4/20, 106
2021/4/21, 67
2021/4/22, 57
2021/4/23, 41
2021/4/24, 72
2021/4/25, 84
2021/4/26, 91
2021/4/27, 80
2021/4/28, 86
2021/4/29, 80
2021/4/30, 74
2021/5/1, 87
2021/5/2, 95
2021/5/3, 104
2021/5/4, 128
2021/5/5, 96
2021/5/6, 83
2021/5/18, 61
2021/5/20, 106
2021/5/21, 58
2021/5/22, 58
2021/5/23, 59
2021/5/24, 41
2021/5/25, 57
2021/5/26, 64
2021/5/27, 81
2021/5/28, 134
2021/5/29, 134
2021/5/30, 107
2021/5/31, 99
2021/6/1, 44
2021/6/2, 84
2021/6/3, 57
2021/6/4, 90
2021/6/5, 102
2021/6/6, 118
2021/6/7, 135
2021/6/8, 128
2021/6/9, 134
2021/6/10, 133
2021/6/11, 135
2021/6/12, 77
2021/6/13, 50
2021/6/14, 124
2021/6/15, 98
2021/6/16, 91
2021/6/17, 75
2021/6/18, 95
2021/6/19, 92
2021/6/20, 74
2021/6/21, 87
2021/6/22, 89
2021/6/23, 92
2021/6/24, 70
2021/6/25, 70
2021/6/26, 55
2021/6/27, 82
2021/6/28, 95
2021/6/29, 104
2021/6/30, 107
2021/1/4, 121
2021/1/5, 62
2021/1/6, 88
2021/1/7, 137
2021/1/8, 161
2021/1/9, 146
2021/1/10, 173
2021/1/11, 173
2021/1/12, 152
2021/1/13, 165
2021/1/14, 203
2021/1/15, 178
2021/1/16, 219
2021/1/17, 184
2021/1/18, 175
2021/1/19, 160
2021/1/20, 146
2021/1/21, 159
2021/1/22, 170
2021/1/23, 146
2021/1/24, 141
2021/1/25, 155
2021/1/26, 169
2021/1/27, 157
2021/1/28, 156
2021/1/29, 153
2021/1/30, 145
2021/1/31, 170
2021/2/1, 167
2021/2/2, 160
2021/2/3, 109
2021/2/4, 107
2021/2/5, 120
2021/2/6, 145
2021/2/7, 166
2021/2/8, 190
2021/2/9, 181
2021/2/10, 188
2021/2/11, 167
2021/2/12, 170
2021/2/13, 169
2021/2/14, 174
2021/2/15, 166
2021/2/16, 173
2021/2/17, 164
2021/2/18, 171
2021/2/19, 167
2021/2/20, 188
2021/2/21, 176
2021/2/22, 171
2021/2/23, 162
2021/2/24, 155
2021/2/25, 105
2021/2/26, 112
2021/2/27, 87
2021/2/28, 94
2021/3/1, 94
2021/3/2, 86
2021/3/3, 100
2021/3/4, 122
2021/3/5, 107
2021/3/6, 134
2021/3/7, 84
2021/3/8, 89
2021/3/9, 108
2021/3/10, 96
2021/3/11, 53
2021/3/12, 42
2021/3/13, 103
2021/3/14, 98
2021/3/15, 124
2021/3/16, 141
2021/3/17, 143
2021/3/18, 125
2021/3/19, 117
2021/3/20, 110
2021/3/21, 96
2021/3/22, 49
2021/3/23, 47
2021/3/24, 67
2021/3/25, 91
2021/3/26, 108
2021/3/27, 116
2021/3/28, 100
2021/3/29, 110
2021/3/30, 65
2021/3/31, 37
2020/10/1, 98
2020/10/2, 103
2020/10/3, 124
2020/10/4, 101
2020/10/5, 101
2020/10/6, 108
2020/10/7, 116
2020/10/8, 128
2020/10/9, 131
2020/10/10, 124
2020/10/11, 122
2020/10/12, 150
2020/10/13, 126
2020/10/14, 127
2020/10/15, 116
2020/10/16, 104
2020/10/17, 109
2020/10/18, 114
2020/10/19, 126
2020/10/20, 119
2020/10/21, 134
2020/10/22, 137
2020/10/23, 128
2020/10/24, 142
2020/10/25, 143
2020/10/26, 145
2020/10/27, 131
2020/10/28, 149
2020/10/29, 159
2020/10/30, 149
2020/10/31, 134
2020/11/1, 134
2020/11/2, 135
2020/11/3, 154
2020/11/4, 141
2020/11/5, 161
2020/11/6, 141
2020/11/7, 158
2020/11/8, 172
2020/11/9, 170
2020/11/10, 182
2020/11/11, 178
2020/11/12, 173
2020/11/13, 156
2020/11/14, 126
2020/11/15, 137
2020/11/16, 76
2020/11/17, 114
2020/11/18, 123
2020/11/19, 121
2020/11/20, 104
2020/11/21, 118
2020/11/22, 157
2020/11/23, 58
2020/11/24, 98
2020/11/25, 99
2020/11/26, 107
2020/11/27, 114
2020/11/28, 117
2020/11/29, 128
2020/11/30, 148
2020/12/1, 170
2020/12/2, 167
2020/12/3, 156
2020/12/4, 170
2020/12/5, 143
2020/12/6, 163
2020/12/7, 171
2020/12/8, 113
2020/12/9, 125
2020/12/10, 135
2020/12/11, 149
2020/12/12, 59
2020/12/13, 116
2020/12/14, 133
2020/12/15, 162
2020/12/16, 140
2020/12/17, 136
2020/12/18, 163
2020/12/19, 166
2020/12/20, 173
2020/12/21, 171
2020/12/22, 161
2020/12/23, 183
2020/12/24, 195
2020/12/25, 192
2020/12/26, 181
2020/12/27, 169
2020/12/28, 157
2020/12/29, 146
2020/12/30, 170
2020/12/31, 177
2021/1/1, 175
2021/1/2, 191
2021/1/3, 140
2020/7/1, 124
2020/7/2, 102
2020/7/3, 101
2020/7/4, 89
2020/7/5, 77
2020/7/6, 92
2020/7/7, 115
2020/7/8, 112
2020/7/9, 121
2020/7/10, 109
2020/7/11, 87
2020/7/12, 71
2020/7/13, 80
2020/7/14, 100
2020/7/15, 94
2020/7/16, 85
2020/7/17, 105
2020/7/18, 115
2020/7/19, 93
2020/7/20, 74
2020/7/21, 51
2020/7/22, 71
2020/7/23, 90
2020/7/24, 114
2020/7/25, 97
2020/7/26, 87
2020/7/27, 112
2020/7/28, 106
2020/7/29, 91
2020/7/30, 77
2020/7/31, 96
2020/8/1, 75
2020/8/2, 103
2020/8/3, 94
2020/8/4, 93
2020/8/5, 100
2020/8/6, 92
2020/8/7, 79
2020/8/8, 95
2020/8/9, 86
2020/8/10, 77
2020/8/11, 93
2020/8/12, 87
2020/8/13, 80
2020/8/14, 65
2020/8/15, 93
2020/8/16, 112
2020/8/17, 115
2020/8/18, 77
2020/8/19, 53
2020/8/20, 37
2020/8/21, 27
2020/8/22, 25
2020/8/23, 27
2020/8/24, 21
2020/8/25, 45
2020/8/26, 70
2020/8/27, 23
2020/8/28, 34
2020/8/29, 57
2020/8/30, 72
2020/8/31, 42
2020/9/1, 46
2020/9/2, 61
2020/9/3, 65
2020/9/4, 32
2020/9/5, 50
2020/9/6, 55
2020/9/7, 59
2020/9/8, 74
2020/9/9, 80
2020/9/10, 94
2020/9/11, 95
2020/9/12, 99
2020/9/13, 104
2020/9/14, 108
2020/9/15, 104
2020/9/16, 92
2020/9/17, 96
2020/9/18, 87
2020/9/19, 97
2020/9/20, 85
2020/9/21, 98
2020/9/22, 96
2020/9/23, 100
2020/9/24, 107
2020/9/25, 80
2020/9/26, 68
2020/9/27, 95
2020/9/28, 110
2020/9/29, 103
2020/9/30, 103
2020/4/1, 81
2020/4/2, 58
2020/4/3, 82
2020/4/4, 94
2020/4/5, 76
2020/4/6, 72
2020/4/7, 74
2020/4/8, 86
2020/4/9, 88
2020/4/10, 76
2020/4/11, 89
2020/4/12, 96
2020/4/13, 100
2020/4/14, 100
2020/4/15, 89
2020/4/16, 119
2020/4/17, 83
2020/4/18, 98
2020/4/19, 68
2020/4/20, 76
2020/4/21, 76
2020/4/22, 75
2020/4/23, 91
2020/4/24, 98
2020/4/25, 101
2020/4/26, 76
2020/4/27, 83
2020/4/28, 70
2020/4/29, 100
2020/4/30, 94
2020/5/1, 96
2020/5/2, 85
2020/5/3, 71
2020/5/4, 80
2020/5/5, 65
2020/5/6, 68
2020/5/7, 73
2020/5/8, 83
2020/5/9, 81
2020/5/10, 71
2020/5/11, 88
2020/5/12, 75
2020/5/13, 91
2020/5/14, 65
2020/5/15, 77
2020/5/16, 85
2020/5/17, 75
2020/5/18, 75
2020/5/19, 80
2020/5/20, 86
2020/5/21, 88
2020/5/22, 88
2020/5/23, 86
2020/5/24, 93
2020/5/25, 86
2020/5/26, 75
2020/5/27, 76
2020/5/28, 76
2020/5/29, 72
2020/5/30, 78
2020/5/31, 68
2020/6/1, 69
2020/6/2, 73
2020/6/3, 73
2020/6/4, 84
2020/6/5, 96
2020/6/6, 98
2020/6/7, 105
2020/6/8, 98
2020/6/9, 82
2020/6/10, 87
2020/6/11, 93
2020/6/12, 82
2020/6/13, 77
2020/6/14, 91
2020/6/15, 85
2020/6/16, 93
2020/6/17, 104
2020/6/18, 96
2020/6/19, 96
2020/6/20, 89
2020/6/21, 120
2020/6/22, 146
2020/6/23, 115
2020/6/24, 110
2020/6/25, 94
2020/6/26, 96
2020/6/27, 103
2020/6/28, 99
2020/6/29, 82
2020/6/30, 103
2020/1/1, 156
2020/1/2, 173
2020/1/3, 188
2020/1/4, 135
2020/1/5, 165
2020/1/6, 134
2020/1/7, 124
2020/1/8, 136
2020/1/9, 136
2020/1/10, 162
2020/1/11, 236
2020/1/12, 165
2020/1/13, 97
2020/1/14, 105
2020/1/15, 153
2020/1/16, 146
2020/1/17, 156
2020/1/18, 165
2020/1/19, 149
2020/1/20, 171
2020/1/21, 134
2020/1/22, 144
2020/1/23, 137
2020/1/24, 147
2020/1/25, 179
2020/1/26, 148
2020/1/27, 129
2020/1/28, 96
2020/1/29, 96
2020/1/30, 145
2020/1/31, 137
2020/2/1, 125
2020/2/2, 149
2020/2/3, 166
2020/2/4, 165
2020/2/5, 128
2020/2/6, 138
2020/2/7, 155
2020/2/8, 155
2020/2/9, 170
2020/2/10, 176
2020/2/11, 171
2020/2/12, 169
2020/2/13, 157
2020/2/14, 100
2020/2/15, 118
2020/2/16, 117
2020/2/17, 123
2020/2/18, 147
2020/2/19, 131
2020/2/20, 76
2020/2/21, 126
2020/2/22, 122
2020/2/23, 134
2020/2/24, 132
2020/2/25, 144
2020/2/26, 139
2020/2/27, 167
2020/2/28, 103
2020/2/29, 74
2020/3/1, 107
2020/3/2, 113
2020/3/3, 138
2020/3/4, 105
2020/3/5, 83
2020/3/6, 79
2020/3/7, 58
2020/3/8, 83
2020/3/9, 105
2020/3/10, 114
2020/3/11, 89
2020/3/12, 71
2020/3/13, 85
2020/3/14, 107
2020/3/15, 114
2020/3/16, 121
2020/3/17, 125
2020/3/18, 121
2020/3/19, 110
2020/3/20, 84
2020/3/21, 71
2020/3/22, 79
2020/3/23, 87
2020/3/24, 77
2020/3/25, 78
2020/3/26, 89
2020/3/27, 67
2020/3/28, 62
2020/3/29, 80
2020/3/30, 104
2020/3/31, 84
2019/10/1, 84
2019/10/2, 99
2019/10/3, 98
2019/10/4, 81
2019/10/5, 95
2019/10/6, 131
2019/10/7, 87
2019/10/8, 109
2019/10/9, 107
2019/10/10, 115
2019/10/11, 105
2019/10/12, 130
2019/10/13, 135
2019/10/14, 139
2019/10/15, 152
2019/10/16, 169
2019/10/17, 153
2019/10/18, 86
2019/10/19, 111
2019/10/20, 114
2019/10/21, 102
2019/10/22, 102
2019/10/23, 121
2019/10/24, 133
2019/10/25, 116
2019/10/26, 104
2019/10/27, 111
2019/10/28, 129
2019/10/29, 159
2019/10/30, 169
2019/10/31, 157
2019/11/1, 141
2019/11/2, 143
2019/11/3, 131
2019/11/4, 127
2019/11/5, 127
2019/11/6, 92
2019/11/7, 108
2019/11/8, 100
2019/11/9, 135
2019/11/10, 135
2019/11/11, 133
2019/11/12, 150
2019/11/13, 151
2019/11/14, 145
2019/11/15, 110
2019/11/16, 111
2019/11/17, 112
2019/11/18, 112
2019/11/19, 139
2019/11/20, 155
2019/11/21, 131
2019/11/22, 103
2019/11/23, 120
2019/11/24, 110
2019/11/25, 140
2019/11/26, 156
2019/11/27, 160
2019/11/28, 124
2019/11/29, 117
2019/11/30, 159
2019/12/1, 154
2019/12/2, 161
2019/12/3, 151
2019/12/4, 189
2019/12/5, 189
2019/12/6, 194
2019/12/7, 192
2019/12/8, 186
2019/12/9, 201
2019/12/10, 213
2019/12/11, 188
2019/12/12, 145
2019/12/13, 78
2019/12/14, 82
2019/12/15, 127
2019/12/16, 149
2019/12/17, 150
2019/12/18, 172
2019/12/19, 170
2019/12/20, 186
2019/12/21, 161
2019/12/22, 181
2019/12/23, 188
2019/12/24, 198
2019/12/25, 206
2019/12/26, 202
2019/12/27, 190
2019/12/28, 188
2019/12/29, 203
2019/7/1, 97
2019/7/2, 118
2019/7/3, 144
2019/7/4, 136
2019/7/5, 103
2019/7/6, 112
2019/7/7, 107
2019/7/8, 128
2019/7/9, 106
2019/7/10, 86
2019/7/11, 87
2019/7/12, 127
2019/7/13, 75
2019/7/14, 82
2019/7/15, 92
2019/7/16, 99
2019/7/17, 113
2019/7/18, 96
2019/7/19, 84
2019/7/20, 75
2019/7/21, 101
2019/7/22, 121
2019/7/23, 118
2019/7/24, 132
2019/7/25, 69
2019/7/26, 67
2019/7/27, 68
2019/7/28, 53
2019/7/29, 70
2019/7/30, 80
2019/7/31, 70
2019/8/1, 54
2019/8/2, 74
2019/8/3, 84
2019/8/4, 87
2019/8/5, 96
2019/8/6, 103
2019/8/7, 66
2019/8/8, 76
2019/8/9, 73
2019/8/10, 58
2019/8/11, 67
2019/8/12, 83
2019/8/13, 68
2019/8/14, 67
2019/8/15, 93
2019/8/16, 96
2019/8/17, 69
2019/8/18, 80
2019/8/19, 69
2019/8/20, 85
2019/8/21, 95
2019/8/22, 96
2019/8/23, 111
2019/8/24, 108
2019/8/25, 116
2019/8/26, 90
2019/8/27, 114
2019/8/28, 110
2019/8/29, 115
2019/8/30, 101
2019/8/31, 95
2019/9/1, 96
2019/9/2, 96
2019/9/3, 104
2019/9/4, 114
2019/9/5, 133
2019/9/6, 104
2019/9/7, 72
2019/9/8, 91
2019/9/9, 109
2019/9/10, 117
2019/9/11, 123
2019/9/12, 126
2019/9/13, 131
2019/9/14, 128
2019/9/15, 137
2019/9/16, 97
2019/9/17, 115
2019/9/18, 132
2019/9/19, 114
2019/9/20, 93
2019/9/21, 110
2019/9/22, 117
2019/9/23, 129
2019/9/24, 153
2019/9/25, 139
2019/9/26, 147
2019/9/27, 106
2019/9/28, 85
2019/9/29, 74
2019/9/30, 83
2019/4/28, 162
2019/4/29, 124
2019/4/30, 89
2019/5/1, 87
2019/5/2, 69
2019/5/3, 72
2019/5/4, 108
2019/5/6, 64
2019/5/7, 130
2019/5/8, 100
2019/5/9, 111
2019/5/10, 86
2019/5/11, 80
2019/5/12, 90
2019/5/13, 92
2019/5/14, 80
2019/5/15, 108
2019/5/16, 88
2019/5/17, 109
2019/5/18, 87
2019/5/19, 86
2019/5/20, 73
2019/5/21, 94
2019/5/22, 101
2019/5/23, 81
2019/5/24, 67
2019/5/25, 70
2019/5/26, 75
2019/5/27, 83
2019/5/28, 87
2019/5/29, 83
2019/5/30, 85
2019/5/31, 94
2019/6/1, 95
2019/6/2, 119
2019/6/3, 90
2019/6/4, 79
2019/6/5, 78
2019/6/6, 81
2019/6/7, 76
2019/6/8, 85
2019/6/9, 95
2019/6/10, 142
2019/6/11, 66
2019/6/12, 72
2019/6/13, 87
2019/6/14, 100
2019/6/15, 94
2019/6/16, 88
2019/6/17, 101
2019/6/18, 81
2019/6/19, 104
2019/6/20, 70
2019/6/21, 84
2019/6/22, 89
2019/6/23, 75
2019/6/24, 86
2019/6/25, 76
2019/6/26, 83
2019/6/27, 98
2019/6/28, 99
2019/6/29, 119
2019/6/30, 87